timestamp,project_name,run_id,experiment_id,duration,emissions,emissions_rate,cpu_power,gpu_power,ram_power,cpu_energy,gpu_energy,ram_energy,energy_consumed,country_name,country_iso_code,region,cloud_provider,cloud_region,os,python_version,codecarbon_version,cpu_count,cpu_model,gpu_count,gpu_model,longitude,latitude,ram_total_size,tracking_mode,on_cloud,pue,method,total_time
2024-10-17T11:01:39,codecarbon,32617e39-dc7e-4311-9ec4-277cc6172e6d,5b0fa12a-3dd7-45bb-9766-cc326314d9f1,0.03766439999162685,4.253380427776448e-08,1.1292839999368142e-06,14.0,0.0,5.892622947692871,4.600438889206594e-08,0,1.977466054560913e-09,4.7981854946626855e-08,United States,USA,kentucky,,,Windows-11-10.0.22631-SP0,3.12.6,2.7.1,8,11th Gen Intel(R) Core(TM) i7-1185G7 @ 3.00GHz,None,None,-85.6204,38.1439,15.713661193847656,machine,N,1.0,AES_16,0.0367604999919422
2024-10-17T11:01:39,codecarbon,32617e39-dc7e-4311-9ec4-277cc6172e6d,5b0fa12a-3dd7-45bb-9766-cc326314d9f1,0.1105801999947289,4.068819303067541e-07,3.679518849903954e-06,14.0,0.0,5.892622947692871,3.447332777836386e-07,0,1.1426516103196203e-07,4.5899843881560063e-07,United States,USA,kentucky,,,Windows-11-10.0.22631-SP0,3.12.6,2.7.1,8,11th Gen Intel(R) Core(TM) i7-1185G7 @ 3.00GHz,None,None,-85.6204,38.1439,15.713661193847656,machine,N,1.0,AES_16,0.07083540000894573
2024-10-17T11:01:39,codecarbon,32617e39-dc7e-4311-9ec4-277cc6172e6d,5b0fa12a-3dd7-45bb-9766-cc326314d9f1,0.15056629999889992,5.791775266652056e-07,3.846661083319688e-06,14.0,0.0,5.892622947692871,4.959616666342805e-07,0,1.574012888943382e-07,6.533629555286186e-07,United States,USA,kentucky,,,Windows-11-10.0.22631-SP0,3.12.6,2.7.1,8,11th Gen Intel(R) Core(TM) i7-1185G7 @ 3.00GHz,None,None,-85.6204,38.1439,15.713661193847656,machine,N,1.0,AES_16,0.0381234999949811
2024-10-17T11:01:39,codecarbon,32617e39-dc7e-4311-9ec4-277cc6172e6d,5b0fa12a-3dd7-45bb-9766-cc326314d9f1,0.19027799999457784,7.567831871187662e-07,3.9772500611753934e-06,14.0,0.0,5.892622947692871,6.498080554997109e-07,0,2.0390963392318107e-07,8.537176894228919e-07,United States,USA,kentucky,,,Windows-11-10.0.22631-SP0,3.12.6,2.7.1,8,11th Gen Intel(R) Core(TM) i7-1185G7 @ 3.00GHz,None,None,-85.6204,38.1439,15.713661193847656,machine,N,1.0,AES_16,0.03705239998816978
2024-10-17T11:01:39,codecarbon,32617e39-dc7e-4311-9ec4-277cc6172e6d,5b0fa12a-3dd7-45bb-9766-cc326314d9f1,0.2327411000005668,9.182084939781554e-07,3.945192722625782e-06,14.0,0.0,5.892622947692871,7.87092444394754e-07,0,2.487271235213127e-07,1.0358195679160666e-06,United States,USA,kentucky,,,Windows-11-10.0.22631-SP0,3.12.6,2.7.1,8,11th Gen Intel(R) Core(TM) i7-1185G7 @ 3.00GHz,None,None,-85.6204,38.1439,15.713661193847656,machine,N,1.0,AES_16,0.03964399998949375
2024-10-17T11:01:39,codecarbon,32617e39-dc7e-4311-9ec4-277cc6172e6d,5b0fa12a-3dd7-45bb-9766-cc326314d9f1,0.268552900000941,1.1144351251641773e-06,4.149778777887978e-06,14.0,0.0,5.892622947692871,9.530044999539516e-07,0,3.041758870590099e-07,1.2571803870129614e-06,United States,USA,kentucky,,,Windows-11-10.0.22631-SP0,3.12.6,2.7.1,8,11th Gen Intel(R) Core(TM) i7-1185G7 @ 3.00GHz,None,None,-85.6204,38.1439,15.713661193847656,machine,N,1.0,AES_16,0.03344400000059977
2024-10-17T11:01:39,codecarbon,32617e39-dc7e-4311-9ec4-277cc6172e6d,5b0fa12a-3dd7-45bb-9766-cc326314d9f1,0.3045494999969378,1.2715145355745398e-06,4.175066895816032e-06,14.0,0.0,5.892622947692871,1.0884292221696039e-06,0,3.4595049167036816e-07,1.4343797138399718e-06,United States,USA,kentucky,,,Windows-11-10.0.22631-SP0,3.12.6,2.7.1,8,11th Gen Intel(R) Core(TM) i7-1185G7 @ 3.00GHz,None,None,-85.6204,38.1439,15.713661193847656,machine,N,1.0,AES_16,0.03386710000631865
2024-10-17T11:01:39,codecarbon,32617e39-dc7e-4311-9ec4-277cc6172e6d,5b0fa12a-3dd7-45bb-9766-cc326314d9f1,0.34042399999452755,1.433678358027014e-06,4.211449128293131e-06,14.0,0.0,5.892622947692871,1.2262265554535488e-06,0,3.9108814712367157e-07,1.61731470257722e-06,United States,USA,kentucky,,,Windows-11-10.0.22631-SP0,3.12.6,2.7.1,8,11th Gen Intel(R) Core(TM) i7-1185G7 @ 3.00GHz,None,None,-85.6204,38.1439,15.713661193847656,machine,N,1.0,AES_16,0.033823599995230325
2024-10-17T11:01:39,codecarbon,32617e39-dc7e-4311-9ec4-277cc6172e6d,5b0fa12a-3dd7-45bb-9766-cc326314d9f1,0.37978580000344664,1.6051236503663887e-06,4.226391956602437e-06,14.0,0.0,5.892622947692871,1.3725234443295955e-06,0,4.381965575852715e-07,1.8107200019148666e-06,United States,USA,kentucky,,,Windows-11-10.0.22631-SP0,3.12.6,2.7.1,8,11th Gen Intel(R) Core(TM) i7-1185G7 @ 3.00GHz,None,None,-85.6204,38.1439,15.713661193847656,machine,N,1.0,AES_16,0.03607459999329876
2024-10-17T11:01:39,codecarbon,32617e39-dc7e-4311-9ec4-277cc6172e6d,5b0fa12a-3dd7-45bb-9766-cc326314d9f1,0.41620989999501035,1.772677900182627e-06,4.259095951835548e-06,14.0,0.0,5.892622947692871,1.5161233888243766e-06,0,4.83612475811627e-07,1.9997358646360033e-06,United States,USA,kentucky,,,Windows-11-10.0.22631-SP0,3.12.6,2.7.1,8,11th Gen Intel(R) Core(TM) i7-1185G7 @ 3.00GHz,None,None,-85.6204,38.1439,15.713661193847656,machine,N,1.0,AES_16,0.03380970000580419
2024-10-17T11:01:39,codecarbon,32617e39-dc7e-4311-9ec4-277cc6172e6d,5b0fa12a-3dd7-45bb-9766-cc326314d9f1,0.45625039999140427,1.930206726322902e-06,4.230586376163762e-06,14.0,0.0,5.892622947692871,1.6512338888585673e-06,0,5.262082828929383e-07,2.1774421717515053e-06,United States,USA,kentucky,,,Windows-11-10.0.22631-SP0,3.12.6,2.7.1,8,11th Gen Intel(R) Core(TM) i7-1185G7 @ 3.00GHz,None,None,-85.6204,38.1439,15.713661193847656,machine,N,1.0,AES_16,0.03785259999858681
2024-10-17T11:01:39,codecarbon,32617e39-dc7e-4311-9ec4-277cc6172e6d,5b0fa12a-3dd7-45bb-9766-cc326314d9f1,0.49267359999066684,2.118050177689458e-06,4.29909412180718e-06,14.0,0.0,5.892622947692871,1.8100234444540954e-06,0,5.793225856328762e-07,2.3893460300869713e-06,United States,USA,kentucky,,,Windows-11-10.0.22631-SP0,3.12.6,2.7.1,8,11th Gen Intel(R) Core(TM) i7-1185G7 @ 3.00GHz,None,None,-85.6204,38.1439,15.713661193847656,machine,N,1.0,AES_16,0.03433690000383649
2024-10-17T11:01:39,codecarbon,32617e39-dc7e-4311-9ec4-277cc6172e6d,5b0fa12a-3dd7-45bb-9766-cc326314d9f1,0.5329894000024069,2.2797342494180967e-06,4.277260015692248e-06,14.0,0.0,5.892622947692871,1.9495886666764923e-06,0,6.221511513303429e-07,2.571739818006835e-06,United States,USA,kentucky,,,Windows-11-10.0.22631-SP0,3.12.6,2.7.1,8,11th Gen Intel(R) Core(TM) i7-1185G7 @ 3.00GHz,None,None,-85.6204,38.1439,15.713661193847656,machine,N,1.0,AES_16,0.038066799999796785
2024-10-17T11:01:39,codecarbon,32617e39-dc7e-4311-9ec4-277cc6172e6d,5b0fa12a-3dd7-45bb-9766-cc326314d9f1,0.568722500000149,2.4551716897503737e-06,4.316994122352694e-06,14.0,0.0,5.892622947692871,2.0989496111239235e-06,0,6.706989986584788e-07,2.769648609782402e-06,United States,USA,kentucky,,,Windows-11-10.0.22631-SP0,3.12.6,2.7.1,8,11th Gen Intel(R) Core(TM) i7-1185G7 @ 3.00GHz,None,None,-85.6204,38.1439,15.713661193847656,machine,N,1.0,AES_16,0.0331787000031909
2024-10-17T11:01:39,codecarbon,32617e39-dc7e-4311-9ec4-277cc6172e6d,5b0fa12a-3dd7-45bb-9766-cc326314d9f1,0.6052665000024717,2.613918678973011e-06,4.318624405881272e-06,14.0,0.0,5.892622947692871,2.2341919444200666e-06,0,7.145371670816772e-07,2.9487291115017434e-06,United States,USA,kentucky,,,Windows-11-10.0.22631-SP0,3.12.6,2.7.1,8,11th Gen Intel(R) Core(TM) i7-1185G7 @ 3.00GHz,None,None,-85.6204,38.1439,15.713661193847656,machine,N,1.0,AES_16,0.03395890000683721
2024-10-17T11:01:39,codecarbon,32617e39-dc7e-4311-9ec4-277cc6172e6d,5b0fa12a-3dd7-45bb-9766-cc326314d9f1,0.6434295999933966,2.785321068354039e-06,4.328866854093477e-06,14.0,0.0,5.892622947692871,2.3793789444446003e-06,0,7.627070681017357e-07,3.142086012546335e-06,United States,USA,kentucky,,,Windows-11-10.0.22631-SP0,3.12.6,2.7.1,8,11th Gen Intel(R) Core(TM) i7-1185G7 @ 3.00GHz,None,None,-85.6204,38.1439,15.713661193847656,machine,N,1.0,AES_16,0.035496900003636256
2024-10-17T11:01:39,codecarbon,32617e39-dc7e-4311-9ec4-277cc6172e6d,5b0fa12a-3dd7-45bb-9766-cc326314d9f1,0.6813456999952905,2.956380383318297e-06,4.339031395279565e-06,14.0,0.0,5.892622947692871,2.5257998888587796e-06,0,8.092560067547803e-07,3.3350558956135587e-06,United States,USA,kentucky,,,Windows-11-10.0.22631-SP0,3.12.6,2.7.1,8,11th Gen Intel(R) Core(TM) i7-1185G7 @ 3.00GHz,None,None,-85.6204,38.1439,15.713661193847656,machine,N,1.0,AES_16,0.03518409999378491
2024-10-17T11:01:39,codecarbon,32617e39-dc7e-4311-9ec4-277cc6172e6d,5b0fa12a-3dd7-45bb-9766-cc326314d9f1,0.7181436999962898,3.123034897019863e-06,4.3487604180556034e-06,14.0,0.0,5.892622947692871,2.6680383332859504e-06,0,8.550184439418948e-07,3.523056777227844e-06,United States,USA,kentucky,,,Windows-11-10.0.22631-SP0,3.12.6,2.7.1,8,11th Gen Intel(R) Core(TM) i7-1185G7 @ 3.00GHz,None,None,-85.6204,38.1439,15.713661193847656,machine,N,1.0,AES_16,0.034154900000430644
2024-10-17T11:01:40,codecarbon,32617e39-dc7e-4311-9ec4-277cc6172e6d,5b0fa12a-3dd7-45bb-9766-cc326314d9f1,0.7548192999965977,3.2921025299864575e-06,4.3614445603090655e-06,14.0,0.0,5.892622947692871,2.8123367221673523e-06,0,9.014431464678963e-07,3.7137798686352473e-06,United States,USA,kentucky,,,Windows-11-10.0.22631-SP0,3.12.6,2.7.1,8,11th Gen Intel(R) Core(TM) i7-1185G7 @ 3.00GHz,None,None,-85.6204,38.1439,15.713661193847656,machine,N,1.0,AES_16,0.03411160000541713
2024-10-17T11:01:40,codecarbon,32617e39-dc7e-4311-9ec4-277cc6172e6d,5b0fa12a-3dd7-45bb-9766-cc326314d9f1,0.7910023000004003,3.449017960721345e-06,4.360313441211991e-06,14.0,0.0,5.892622947692871,2.946620055517998e-06,0,9.441741565143414e-07,3.890794212032338e-06,United States,USA,kentucky,,,Windows-11-10.0.22631-SP0,3.12.6,2.7.1,8,11th Gen Intel(R) Core(TM) i7-1185G7 @ 3.00GHz,None,None,-85.6204,38.1439,15.713661193847656,machine,N,1.0,AES_16,0.03428070001245942
2024-10-17T11:01:40,codecarbon,32617e39-dc7e-4311-9ec4-277cc6172e6d,5b0fa12a-3dd7-45bb-9766-cc326314d9f1,0.8319916000036756,3.614584712011256e-06,4.344496641546967e-06,14.0,0.0,5.892622947692871,3.08750749995751e-06,0,9.900605024580645e-07,4.077568002415573e-06,United States,USA,kentucky,,,Windows-11-10.0.22631-SP0,3.12.6,2.7.1,8,11th Gen Intel(R) Core(TM) i7-1185G7 @ 3.00GHz,None,None,-85.6204,38.1439,15.713661193847656,machine,N,1.0,AES_24,0.03768080000008922
2024-10-17T11:01:40,codecarbon,32617e39-dc7e-4311-9ec4-277cc6172e6d,5b0fa12a-3dd7-45bb-9766-cc326314d9f1,0.8696504999970784,3.802345890568467e-06,4.3722689638897935e-06,14.0,0.0,5.892622947692871,3.246120111062839e-06,0,1.0432589387564952e-06,4.289379049819333e-06,United States,USA,kentucky,,,Windows-11-10.0.22631-SP0,3.12.6,2.7.1,8,11th Gen Intel(R) Core(TM) i7-1185G7 @ 3.00GHz,None,None,-85.6204,38.1439,15.713661193847656,machine,N,1.0,AES_24,0.035199999998440035
2024-10-17T11:01:40,codecarbon,32617e39-dc7e-4311-9ec4-277cc6172e6d,5b0fa12a-3dd7-45bb-9766-cc326314d9f1,0.9125735999987228,3.969029692971516e-06,4.349270779887858e-06,14.0,0.0,5.892622947692871,3.3876072221513226e-06,0,1.089805749501717e-06,4.477412971653038e-06,United States,USA,kentucky,,,Windows-11-10.0.22631-SP0,3.12.6,2.7.1,8,11th Gen Intel(R) Core(TM) i7-1185G7 @ 3.00GHz,None,None,-85.6204,38.1439,15.713661193847656,machine,N,1.0,AES_24,0.040592999997898005
2024-10-17T11:01:40,codecarbon,32617e39-dc7e-4311-9ec4-277cc6172e6d,5b0fa12a-3dd7-45bb-9766-cc326314d9f1,0.9524325999955181,4.169428713151274e-06,4.377662748178605e-06,14.0,0.0,5.892622947692871,3.557243666606762e-06,0,1.1462369442096539e-06,4.703480610816414e-06,United States,USA,kentucky,,,Windows-11-10.0.22631-SP0,3.12.6,2.7.1,8,11th Gen Intel(R) Core(TM) i7-1185G7 @ 3.00GHz,None,None,-85.6204,38.1439,15.713661193847656,machine,N,1.0,AES_24,0.03758400000515394
2024-10-17T11:01:40,codecarbon,32617e39-dc7e-4311-9ec4-277cc6172e6d,5b0fa12a-3dd7-45bb-9766-cc326314d9f1,0.9881809999933466,4.3444818360120036e-06,4.396443400592862e-06,14.0,0.0,5.892622947692871,3.706244888809226e-06,0,1.194710970028881e-06,4.900955858838105e-06,United States,USA,kentucky,,,Windows-11-10.0.22631-SP0,3.12.6,2.7.1,8,11th Gen Intel(R) Core(TM) i7-1185G7 @ 3.00GHz,None,None,-85.6204,38.1439,15.713661193847656,machine,N,1.0,AES_24,0.0337534999998752
2024-10-17T11:01:40,codecarbon,32617e39-dc7e-4311-9ec4-277cc6172e6d,5b0fa12a-3dd7-45bb-9766-cc326314d9f1,1.0235591999953613,4.4957059588576e-06,4.392228567607985e-06,14.0,0.0,5.892622947692871,3.836207666584718e-06,0,1.2353422420925089e-06,5.071549908677225e-06,United States,USA,kentucky,,,Windows-11-10.0.22631-SP0,3.12.6,2.7.1,8,11th Gen Intel(R) Core(TM) i7-1185G7 @ 3.00GHz,None,None,-85.6204,38.1439,15.713661193847656,machine,N,1.0,AES_24,0.033213799993973225
2024-10-17T11:01:40,codecarbon,32617e39-dc7e-4311-9ec4-277cc6172e6d,5b0fa12a-3dd7-45bb-9766-cc326314d9f1,1.062146299998858,4.664051971216901e-06,4.391157763503875e-06,14.0,0.0,5.892622947692871,3.981048944357706e-06,0,1.2804100045059342e-06,5.2614589488636374e-06,United States,USA,kentucky,,,Windows-11-10.0.22631-SP0,3.12.6,2.7.1,8,11th Gen Intel(R) Core(TM) i7-1185G7 @ 3.00GHz,None,None,-85.6204,38.1439,15.713661193847656,machine,N,1.0,AES_24,0.0362464999925578
2024-10-17T11:01:40,codecarbon,32617e39-dc7e-4311-9ec4-277cc6172e6d,5b0fa12a-3dd7-45bb-9766-cc326314d9f1,1.0984583999961615,4.829727783888381e-06,4.3968235701099454e-06,14.0,0.0,5.892622947692871,4.122283666616164e-06,0,1.3260721034171549e-06,5.448355770033317e-06,United States,USA,kentucky,,,Windows-11-10.0.22631-SP0,3.12.6,2.7.1,8,11th Gen Intel(R) Core(TM) i7-1185G7 @ 3.00GHz,None,None,-85.6204,38.1439,15.713661193847656,machine,N,1.0,AES_24,0.03281780000543222
2024-10-17T11:01:40,codecarbon,32617e39-dc7e-4311-9ec4-277cc6172e6d,5b0fa12a-3dd7-45bb-9766-cc326314d9f1,1.1352543999964837,4.993884540183453e-06,4.398912296837538e-06,14.0,0.0,5.892622947692871,4.262889166614817e-06,0,1.3706497960062516e-06,5.633538962621067e-06,United States,USA,kentucky,,,Windows-11-10.0.22631-SP0,3.12.6,2.7.1,8,11th Gen Intel(R) Core(TM) i7-1185G7 @ 3.00GHz,None,None,-85.6204,38.1439,15.713661193847656,machine,N,1.0,AES_24,0.03445200000714976
2024-10-17T11:01:40,codecarbon,32617e39-dc7e-4311-9ec4-277cc6172e6d,5b0fa12a-3dd7-45bb-9766-cc326314d9f1,1.1710526999959257,5.153830931898942e-06,4.401023909442225e-06,14.0,0.0,5.892622947692871,4.400239277723207e-06,0,1.4137332176336344e-06,5.8139724953568385e-06,United States,USA,kentucky,,,Windows-11-10.0.22631-SP0,3.12.6,2.7.1,8,11th Gen Intel(R) Core(TM) i7-1185G7 @ 3.00GHz,None,None,-85.6204,38.1439,15.713661193847656,machine,N,1.0,AES_24,0.033616299988352694
2024-10-17T11:01:40,codecarbon,32617e39-dc7e-4311-9ec4-277cc6172e6d,5b0fa12a-3dd7-45bb-9766-cc326314d9f1,1.2095451999921352,5.3159432142800414e-06,4.394993435809267e-06,14.0,0.0,5.892622947692871,4.539653611039588e-06,0,1.4571957313417954e-06,5.99684934238138e-06,United States,USA,kentucky,,,Windows-11-10.0.22631-SP0,3.12.6,2.7.1,8,11th Gen Intel(R) Core(TM) i7-1185G7 @ 3.00GHz,None,None,-85.6204,38.1439,15.713661193847656,machine,N,1.0,AES_24,0.03606339999532793
2024-10-17T11:01:40,codecarbon,32617e39-dc7e-4311-9ec4-277cc6172e6d,5b0fa12a-3dd7-45bb-9766-cc326314d9f1,1.2455321000015829,5.4842170103301e-06,4.403111738608046e-06,14.0,0.0,5.892622947692871,4.682689666596061e-06,0,1.5039872496525664e-06,6.186676916248624e-06,United States,USA,kentucky,,,Windows-11-10.0.22631-SP0,3.12.6,2.7.1,8,11th Gen Intel(R) Core(TM) i7-1185G7 @ 3.00GHz,None,None,-85.6204,38.1439,15.713661193847656,machine,N,1.0,AES_24,0.03351269999984652
2024-10-17T11:01:40,codecarbon,32617e39-dc7e-4311-9ec4-277cc6172e6d,5b0fa12a-3dd7-45bb-9766-cc326314d9f1,1.2803085999912582,5.644399101963756e-06,4.408623906769271e-06,14.0,0.0,5.892622947692871,4.819714277659337e-06,0,1.5476620614676553e-06,6.367376339126989e-06,United States,USA,kentucky,,,Windows-11-10.0.22631-SP0,3.12.6,2.7.1,8,11th Gen Intel(R) Core(TM) i7-1185G7 @ 3.00GHz,None,None,-85.6204,38.1439,15.713661193847656,machine,N,1.0,AES_24,0.03217019999283366
2024-10-17T11:01:40,codecarbon,32617e39-dc7e-4311-9ec4-277cc6172e6d,5b0fa12a-3dd7-45bb-9766-cc326314d9f1,1.3207390000025043,5.8008188177846155e-06,4.39210079945668e-06,14.0,0.0,5.892622947692871,4.9545000554321135e-06,0,1.5893314172704247e-06,6.543831472702535e-06,United States,USA,kentucky,,,Windows-11-10.0.22631-SP0,3.12.6,2.7.1,8,11th Gen Intel(R) Core(TM) i7-1185G7 @ 3.00GHz,None,None,-85.6204,38.1439,15.713661193847656,machine,N,1.0,AES_24,0.03799310000613332
2024-10-17T11:01:40,codecarbon,32617e39-dc7e-4311-9ec4-277cc6172e6d,5b0fa12a-3dd7-45bb-9766-cc326314d9f1,1.3571158999984618,5.979213010960378e-06,4.405823416384079e-06,14.0,0.0,5.892622947692871,5.106045777655609e-06,0,1.6390299628857857e-06,6.745075740541391e-06,United States,USA,kentucky,,,Windows-11-10.0.22631-SP0,3.12.6,2.7.1,8,11th Gen Intel(R) Core(TM) i7-1185G7 @ 3.00GHz,None,None,-85.6204,38.1439,15.713661193847656,machine,N,1.0,AES_24,0.03382640000199899
2024-10-17T11:01:40,codecarbon,32617e39-dc7e-4311-9ec4-277cc6172e6d,5b0fa12a-3dd7-45bb-9766-cc326314d9f1,1.39421179999772,6.140371183925332e-06,4.404188218702046e-06,14.0,0.0,5.892622947692871,5.243021777690351e-06,0,1.6838544909244352e-06,6.926876268614782e-06,United States,USA,kentucky,,,Windows-11-10.0.22631-SP0,3.12.6,2.7.1,8,11th Gen Intel(R) Core(TM) i7-1185G7 @ 3.00GHz,None,None,-85.6204,38.1439,15.713661193847656,machine,N,1.0,AES_24,0.03502199999638833
2024-10-17T11:01:40,codecarbon,32617e39-dc7e-4311-9ec4-277cc6172e6d,5b0fa12a-3dd7-45bb-9766-cc326314d9f1,1.4304830999899423,6.3108268485685046e-06,4.411675222596391e-06,14.0,0.0,5.892622947692871,5.388232888783226e-06,0,1.7309322924886216e-06,7.1191651812718435e-06,United States,USA,kentucky,,,Windows-11-10.0.22631-SP0,3.12.6,2.7.1,8,11th Gen Intel(R) Core(TM) i7-1185G7 @ 3.00GHz,None,None,-85.6204,38.1439,15.713661193847656,machine,N,1.0,AES_24,0.033827200008090585
2024-10-17T11:01:40,codecarbon,32617e39-dc7e-4311-9ec4-277cc6172e6d,5b0fa12a-3dd7-45bb-9766-cc326314d9f1,1.4669592999998713,6.46916205158143e-06,4.409912430141721e-06,14.0,0.0,5.892622947692871,5.5242284999338976e-06,0,1.7735526521619506e-06,7.2977811520958435e-06,United States,USA,kentucky,,,Windows-11-10.0.22631-SP0,3.12.6,2.7.1,8,11th Gen Intel(R) Core(TM) i7-1185G7 @ 3.00GHz,None,None,-85.6204,38.1439,15.713661193847656,machine,N,1.0,AES_24,0.033842599994386546
2024-10-17T11:01:40,codecarbon,32617e39-dc7e-4311-9ec4-277cc6172e6d,5b0fa12a-3dd7-45bb-9766-cc326314d9f1,1.5026504999987083,6.628205226407452e-06,4.4110092309643195e-06,14.0,0.0,5.892622947692871,5.66073549990607e-06,0,1.816460277199998e-06,7.477195777106063e-06,United States,USA,kentucky,,,Windows-11-10.0.22631-SP0,3.12.6,2.7.1,8,11th Gen Intel(R) Core(TM) i7-1185G7 @ 3.00GHz,None,None,-85.6204,38.1439,15.713661193847656,machine,N,1.0,AES_24,0.03354780000518076
2024-10-17T11:01:40,codecarbon,32617e39-dc7e-4311-9ec4-277cc6172e6d,5b0fa12a-3dd7-45bb-9766-cc326314d9f1,1.539634599990677,6.790728366241207e-06,4.410610391765895e-06,14.0,0.0,5.892622947692871,5.7990422776654475e-06,0,1.8614938296412326e-06,7.660536107306676e-06,United States,USA,kentucky,,,Windows-11-10.0.22631-SP0,3.12.6,2.7.1,8,11th Gen Intel(R) Core(TM) i7-1185G7 @ 3.00GHz,None,None,-85.6204,38.1439,15.713661193847656,machine,N,1.0,AES_24,0.03455890000623185
2024-10-17T11:01:40,codecarbon,32617e39-dc7e-4311-9ec4-277cc6172e6d,5b0fa12a-3dd7-45bb-9766-cc326314d9f1,1.5778819999977713,6.965490028614904e-06,4.414455598469811e-06,14.0,0.0,5.892622947692871,5.948006555425108e-06,0,1.9096760069573e-06,7.857682562382404e-06,United States,USA,kentucky,,,Windows-11-10.0.22631-SP0,3.12.6,2.7.1,8,11th Gen Intel(R) Core(TM) i7-1185G7 @ 3.00GHz,None,None,-85.6204,38.1439,15.713661193847656,machine,N,1.0,AES_32,0.035068900004262105
2024-10-17T11:01:40,codecarbon,32617e39-dc7e-4311-9ec4-277cc6172e6d,5b0fa12a-3dd7-45bb-9766-cc326314d9f1,1.615890400003991,7.130509063444033e-06,4.412743007462896e-06,14.0,0.0,5.892622947692871,6.089048388740696e-06,0,1.954790091906069e-06,8.04383848064676e-06,United States,USA,kentucky,,,Windows-11-10.0.22631-SP0,3.12.6,2.7.1,8,11th Gen Intel(R) Core(TM) i7-1185G7 @ 3.00GHz,None,None,-85.6204,38.1439,15.713661193847656,machine,N,1.0,AES_32,0.03574849999858998
2024-10-17T11:01:40,codecarbon,32617e39-dc7e-4311-9ec4-277cc6172e6d,5b0fa12a-3dd7-45bb-9766-cc326314d9f1,1.6527174999937415,7.298016583288001e-06,4.415767717904383e-06,14.0,0.0,5.892622947692871,6.232565499893908e-06,0,2.0002361279741868e-06,8.232801627868091e-06,United States,USA,kentucky,,,Windows-11-10.0.22631-SP0,3.12.6,2.7.1,8,11th Gen Intel(R) Core(TM) i7-1185G7 @ 3.00GHz,None,None,-85.6204,38.1439,15.713661193847656,machine,N,1.0,AES_32,0.034644499988644384
2024-10-17T11:01:40,codecarbon,32617e39-dc7e-4311-9ec4-277cc6172e6d,5b0fa12a-3dd7-45bb-9766-cc326314d9f1,1.689745600000606,7.461793912032258e-06,4.415927410628903e-06,14.0,0.0,5.892622947692871,6.372674388791591e-06,0,2.044882404169063e-06,8.41755679296065e-06,United States,USA,kentucky,,,Windows-11-10.0.22631-SP0,3.12.6,2.7.1,8,11th Gen Intel(R) Core(TM) i7-1185G7 @ 3.00GHz,None,None,-85.6204,38.1439,15.713661193847656,machine,N,1.0,AES_32,0.034623700004885904
2024-10-17T11:01:40,codecarbon,32617e39-dc7e-4311-9ec4-277cc6172e6d,5b0fa12a-3dd7-45bb-9766-cc326314d9f1,1.7244674999965355,7.623373860284927e-06,4.420711819909765e-06,14.0,0.0,5.892622947692871,6.5100237221162805e-06,0,2.08980939836761e-06,8.599833120483886e-06,United States,USA,kentucky,,,Windows-11-10.0.22631-SP0,3.12.6,2.7.1,8,11th Gen Intel(R) Core(TM) i7-1185G7 @ 3.00GHz,None,None,-85.6204,38.1439,15.713661193847656,machine,N,1.0,AES_32,0.03290940000442788
2024-10-17T11:01:41,codecarbon,32617e39-dc7e-4311-9ec4-277cc6172e6d,5b0fa12a-3dd7-45bb-9766-cc326314d9f1,1.7684068999951705,7.780195593468929e-06,4.399550574864968e-06,14.0,0.0,5.892622947692871,6.643736166588498e-06,0,2.1330055982521125e-06,8.776741764840606e-06,United States,USA,kentucky,,,Windows-11-10.0.22631-SP0,3.12.6,2.7.1,8,11th Gen Intel(R) Core(TM) i7-1185G7 @ 3.00GHz,None,None,-85.6204,38.1439,15.713661193847656,machine,N,1.0,AES_32,0.042339100007666275
2024-10-17T11:01:41,codecarbon,32617e39-dc7e-4311-9ec4-277cc6172e6d,5b0fa12a-3dd7-45bb-9766-cc326314d9f1,1.8065067999996245,7.984216887299958e-06,4.419699326513256e-06,14.0,0.0,5.892622947692871,6.815981277654324e-06,0,2.1909143681487107e-06,9.00689564580303e-06,United States,USA,kentucky,,,Windows-11-10.0.22631-SP0,3.12.6,2.7.1,8,11th Gen Intel(R) Core(TM) i7-1185G7 @ 3.00GHz,None,None,-85.6204,38.1439,15.713661193847656,machine,N,1.0,AES_32,0.036051799994311295
2024-10-17T11:01:41,codecarbon,32617e39-dc7e-4311-9ec4-277cc6172e6d,5b0fa12a-3dd7-45bb-9766-cc326314d9f1,1.844100399990566,8.155013296250467e-06,4.422217627788696e-06,14.0,0.0,5.892622947692871,6.961015833205441e-06,0,2.2385531146645876e-06,9.199568947870024e-06,United States,USA,kentucky,,,Windows-11-10.0.22631-SP0,3.12.6,2.7.1,8,11th Gen Intel(R) Core(TM) i7-1185G7 @ 3.00GHz,None,None,-85.6204,38.1439,15.713661193847656,machine,N,1.0,AES_32,0.035613200001535006
2024-10-17T11:01:41,codecarbon,32617e39-dc7e-4311-9ec4-277cc6172e6d,5b0fa12a-3dd7-45bb-9766-cc326314d9f1,1.8814830999908736,8.320586435544656e-06,4.422355128029062e-06,14.0,0.0,5.892622947692871,7.101857777638039e-06,0,2.284492166843304e-06,9.386349944481338e-06,United States,USA,kentucky,,,Windows-11-10.0.22631-SP0,3.12.6,2.7.1,8,11th Gen Intel(R) Core(TM) i7-1185G7 @ 3.00GHz,None,None,-85.6204,38.1439,15.713661193847656,machine,N,1.0,AES_32,0.0347611000033794
2024-10-17T11:01:41,codecarbon,32617e39-dc7e-4311-9ec4-277cc6172e6d,5b0fa12a-3dd7-45bb-9766-cc326314d9f1,1.918948199992883,8.488425673428457e-06,4.423478274952882e-06,14.0,0.0,5.892622947692871,7.245217777615634e-06,0,2.3304695210770015e-06,9.575687298692631e-06,United States,USA,kentucky,,,Windows-11-10.0.22631-SP0,3.12.6,2.7.1,8,11th Gen Intel(R) Core(TM) i7-1185G7 @ 3.00GHz,None,None,-85.6204,38.1439,15.713661193847656,machine,N,1.0,AES_32,0.0351714999997057
2024-10-17T11:01:41,codecarbon,32617e39-dc7e-4311-9ec4-277cc6172e6d,5b0fa12a-3dd7-45bb-9766-cc326314d9f1,1.9561455999937607,8.658814199900396e-06,4.426467130017323e-06,14.0,0.0,5.892622947692871,7.390962055360434e-06,0,2.3769384182543435e-06,9.767900473614773e-06,United States,USA,kentucky,,,Windows-11-10.0.22631-SP0,3.12.6,2.7.1,8,11th Gen Intel(R) Core(TM) i7-1185G7 @ 3.00GHz,None,None,-85.6204,38.1439,15.713661193847656,machine,N,1.0,AES_32,0.03491000000212807
2024-10-17T11:01:41,codecarbon,32617e39-dc7e-4311-9ec4-277cc6172e6d,5b0fa12a-3dd7-45bb-9766-cc326314d9f1,1.9943563999986509,8.826760798647343e-06,4.425869317366402e-06,14.0,0.0,5.892622947692871,7.533827388696309e-06,0,2.4235315515825477e-06,9.957358940278851e-06,United States,USA,kentucky,,,Windows-11-10.0.22631-SP0,3.12.6,2.7.1,8,11th Gen Intel(R) Core(TM) i7-1185G7 @ 3.00GHz,None,None,-85.6204,38.1439,15.713661193847656,machine,N,1.0,AES_32,0.03591900000174064
2024-10-17T11:01:41,codecarbon,32617e39-dc7e-4311-9ec4-277cc6172e6d,5b0fa12a-3dd7-45bb-9766-cc326314d9f1,2.032952800000203,9.002461932943473e-06,4.428269034550421e-06,14.0,0.0,5.892622947692871,7.684200610933154e-06,0,2.471364590998201e-06,1.015556520193135e-05,United States,USA,kentucky,,,Windows-11-10.0.22631-SP0,3.12.6,2.7.1,8,11th Gen Intel(R) Core(TM) i7-1185G7 @ 3.00GHz,None,None,-85.6204,38.1439,15.713661193847656,machine,N,1.0,AES_32,0.035760600003413856
2024-10-17T11:01:41,codecarbon,32617e39-dc7e-4311-9ec4-277cc6172e6d,5b0fa12a-3dd7-45bb-9766-cc326314d9f1,2.069199799996568,9.165835021184716e-06,4.429651994553604e-06,14.0,0.0,5.892622947692871,7.824608555343326e-06,0,2.515255793003008e-06,1.0339864348346329e-05,United States,USA,kentucky,,,Windows-11-10.0.22631-SP0,3.12.6,2.7.1,8,11th Gen Intel(R) Core(TM) i7-1185G7 @ 3.00GHz,None,None,-85.6204,38.1439,15.713661193847656,machine,N,1.0,AES_32,0.03385490000073332
2024-10-17T11:01:41,codecarbon,32617e39-dc7e-4311-9ec4-277cc6172e6d,5b0fa12a-3dd7-45bb-9766-cc326314d9f1,2.106856799990055,9.325209196009722e-06,4.426123880870185e-06,14.0,0.0,5.892622947692871,7.960867444239235e-06,0,2.5587849260943427e-06,1.0519652370333571e-05,United States,USA,kentucky,,,Windows-11-10.0.22631-SP0,3.12.6,2.7.1,8,11th Gen Intel(R) Core(TM) i7-1185G7 @ 3.00GHz,None,None,-85.6204,38.1439,15.713661193847656,machine,N,1.0,AES_32,0.035259800002677366
2024-10-17T11:01:41,codecarbon,32617e39-dc7e-4311-9ec4-277cc6172e6d,5b0fa12a-3dd7-45bb-9766-cc326314d9f1,2.1429694999969797,9.491559705296043e-06,4.429162293401479e-06,14.0,0.0,5.892622947692871,8.102235555327046e-06,0,2.605074753025645e-06,1.0707310308352684e-05,United States,USA,kentucky,,,Windows-11-10.0.22631-SP0,3.12.6,2.7.1,8,11th Gen Intel(R) Core(TM) i7-1185G7 @ 3.00GHz,None,None,-85.6204,38.1439,15.713661193847656,machine,N,1.0,AES_32,0.034072299997205846
2024-10-17T11:01:41,codecarbon,32617e39-dc7e-4311-9ec4-277cc6172e6d,5b0fa12a-3dd7-45bb-9766-cc326314d9f1,2.1800740999897243,9.654941618836535e-06,4.428721766329889e-06,14.0,0.0,5.892622947692871,8.241364444175917e-06,0,2.6502549663019365e-06,1.0891619410477848e-05,United States,USA,kentucky,,,Windows-11-10.0.22631-SP0,3.12.6,2.7.1,8,11th Gen Intel(R) Core(TM) i7-1185G7 @ 3.00GHz,None,None,-85.6204,38.1439,15.713661193847656,machine,N,1.0,AES_32,0.03455300000496209
2024-10-17T11:01:41,codecarbon,32617e39-dc7e-4311-9ec4-277cc6172e6d,5b0fa12a-3dd7-45bb-9766-cc326314d9f1,2.2218760999967344,9.827351576361563e-06,4.422997113284583e-06,14.0,0.0,5.892622947692871,8.388615666351852e-06,0,2.697497270246933e-06,1.1086112936598779e-05,United States,USA,kentucky,,,Windows-11-10.0.22631-SP0,3.12.6,2.7.1,8,11th Gen Intel(R) Core(TM) i7-1185G7 @ 3.00GHz,None,None,-85.6204,38.1439,15.713661193847656,machine,N,1.0,AES_32,0.03990730000077747
2024-10-17T11:01:41,codecarbon,32617e39-dc7e-4311-9ec4-277cc6172e6d,5b0fa12a-3dd7-45bb-9766-cc326314d9f1,2.2620069999975385,1.001242194600799e-05,4.426344368527102e-06,14.0,0.0,5.892622947692871,8.545145777502009e-06,0,2.7497427384760176e-06,1.1294888515978019e-05,United States,USA,kentucky,,,Windows-11-10.0.22631-SP0,3.12.6,2.7.1,8,11th Gen Intel(R) Core(TM) i7-1185G7 @ 3.00GHz,None,None,-85.6204,38.1439,15.713661193847656,machine,N,1.0,AES_32,0.03730939999513794
2024-10-17T11:01:41,codecarbon,32617e39-dc7e-4311-9ec4-277cc6172e6d,5b0fa12a-3dd7-45bb-9766-cc326314d9f1,2.305601200001547,1.0202936267165584e-05,4.425282337274433e-06,14.0,0.0,5.892622947692871,8.70816644416967e-06,0,2.801638905095652e-06,1.1509805349265315e-05,United States,USA,kentucky,,,Windows-11-10.0.22631-SP0,3.12.6,2.7.1,8,11th Gen Intel(R) Core(TM) i7-1185G7 @ 3.00GHz,None,None,-85.6204,38.1439,15.713661193847656,machine,N,1.0,AES_32,0.04122759999881964
2024-10-17T11:01:41,codecarbon,32617e39-dc7e-4311-9ec4-277cc6172e6d,5b0fa12a-3dd7-45bb-9766-cc326314d9f1,2.352989599996363,1.0409109770197231e-05,4.423780610935688e-06,14.0,0.0,5.892622947692871,8.883997499708334e-06,0,2.858389610917892e-06,1.1742387110626219e-05,United States,USA,kentucky,,,Windows-11-10.0.22631-SP0,3.12.6,2.7.1,8,11th Gen Intel(R) Core(TM) i7-1185G7 @ 3.00GHz,None,None,-85.6204,38.1439,15.713661193847656,machine,N,1.0,CHACHA,0.04432650000671856
2024-10-17T11:01:41,codecarbon,32617e39-dc7e-4311-9ec4-277cc6172e6d,5b0fa12a-3dd7-45bb-9766-cc326314d9f1,2.3957927000010386,1.0607247982562746e-05,4.427448160501595e-06,14.0,0.0,5.892622947692871,9.051726833018217e-06,0,2.9141775276292153e-06,1.1965904360647424e-05,United States,USA,kentucky,,,Windows-11-10.0.22631-SP0,3.12.6,2.7.1,8,11th Gen Intel(R) Core(TM) i7-1185G7 @ 3.00GHz,None,None,-85.6204,38.1439,15.713661193847656,machine,N,1.0,CHACHA,0.04021439999633003
2024-10-17T11:01:41,codecarbon,32617e39-dc7e-4311-9ec4-277cc6172e6d,5b0fa12a-3dd7-45bb-9766-cc326314d9f1,2.4361154999933206,1.0807788200634135e-05,4.436484313105749e-06,14.0,0.0,5.892622947692871,9.222443610770927e-06,0,2.969687672623138e-06,1.2192131283394057e-05,United States,USA,kentucky,,,Windows-11-10.0.22631-SP0,3.12.6,2.7.1,8,11th Gen Intel(R) Core(TM) i7-1185G7 @ 3.00GHz,None,None,-85.6204,38.1439,15.713661193847656,machine,N,1.0,CHACHA,0.03797010000562295
2024-10-17T11:01:41,codecarbon,32617e39-dc7e-4311-9ec4-277cc6172e6d,5b0fa12a-3dd7-45bb-9766-cc326314d9f1,2.474357400002191,1.0983058983210534e-05,4.438752050613549e-06,14.0,0.0,5.892622947692871,9.371253499654511e-06,0,3.0185985709760487e-06,1.2389852070630552e-05,United States,USA,kentucky,,,Windows-11-10.0.22631-SP0,3.12.6,2.7.1,8,11th Gen Intel(R) Core(TM) i7-1185G7 @ 3.00GHz,None,None,-85.6204,38.1439,15.713661193847656,machine,N,1.0,CHACHA,0.03534149999904912
2024-10-17T11:01:41,codecarbon,32617e39-dc7e-4311-9ec4-277cc6172e6d,5b0fa12a-3dd7-45bb-9766-cc326314d9f1,2.518008999992162,1.1146401643751725e-05,4.4266726782098165e-06,14.0,0.0,5.892622947692871,9.510084888558292e-06,0,3.0640320033777233e-06,1.2574116891936008e-05,United States,USA,kentucky,,,Windows-11-10.0.22631-SP0,3.12.6,2.7.1,8,11th Gen Intel(R) Core(TM) i7-1185G7 @ 3.00GHz,None,None,-85.6204,38.1439,15.713661193847656,machine,N,1.0,CHACHA,0.04150990000925958
2024-10-17T11:01:41,codecarbon,32617e39-dc7e-4311-9ec4-277cc6172e6d,5b0fa12a-3dd7-45bb-9766-cc326314d9f1,2.555813600003603,1.1349204399662407e-05,4.440544646779565e-06,14.0,0.0,5.892622947692871,9.682616610767177e-06,0,3.1202795446773595e-06,1.2802896155444528e-05,United States,USA,kentucky,,,Windows-11-10.0.22631-SP0,3.12.6,2.7.1,8,11th Gen Intel(R) Core(TM) i7-1185G7 @ 3.00GHz,None,None,-85.6204,38.1439,15.713661193847656,machine,N,1.0,CHACHA,0.03570190000755247
2024-10-17T11:01:41,codecarbon,32617e39-dc7e-4311-9ec4-277cc6172e6d,5b0fa12a-3dd7-45bb-9766-cc326314d9f1,2.592582500001299,1.1511754891402222e-05,4.440265600572577e-06,14.0,0.0,5.892622947692871,9.821781666331744e-06,0,3.164485674658028e-06,1.2986267340989763e-05,United States,USA,kentucky,,,Windows-11-10.0.22631-SP0,3.12.6,2.7.1,8,11th Gen Intel(R) Core(TM) i7-1185G7 @ 3.00GHz,None,None,-85.6204,38.1439,15.713661193847656,machine,N,1.0,CHACHA,0.03479589999187738
2024-10-17T11:01:41,codecarbon,32617e39-dc7e-4311-9ec4-277cc6172e6d,5b0fa12a-3dd7-45bb-9766-cc326314d9f1,2.6311072999960743,1.1678518231066305e-05,4.438632446150611e-06,14.0,0.0,5.892622947692871,9.963626944097793e-06,0,3.2107640437194066e-06,1.3174390987817192e-05,United States,USA,kentucky,,,Windows-11-10.0.22631-SP0,3.12.6,2.7.1,8,11th Gen Intel(R) Core(TM) i7-1185G7 @ 3.00GHz,None,None,-85.6204,38.1439,15.713661193847656,machine,N,1.0,CHACHA,0.03652219999639783
2024-10-17T11:01:41,codecarbon,32617e39-dc7e-4311-9ec4-277cc6172e6d,5b0fa12a-3dd7-45bb-9766-cc326314d9f1,2.6716981999925338,1.1856998015333493e-05,4.438000525421108e-06,14.0,0.0,5.892622947692871,1.0117058777420122e-05,0,3.258673032480334e-06,1.3375731809900449e-05,United States,USA,kentucky,,,Windows-11-10.0.22631-SP0,3.12.6,2.7.1,8,11th Gen Intel(R) Core(TM) i7-1185G7 @ 3.00GHz,None,None,-85.6204,38.1439,15.713661193847656,machine,N,1.0,CHACHA,0.038445599988335744
2024-10-17T11:01:41,codecarbon,32617e39-dc7e-4311-9ec4-277cc6172e6d,5b0fa12a-3dd7-45bb-9766-cc326314d9f1,2.7145891999971354,1.203086188463414e-05,4.431927263486805e-06,14.0,0.0,5.892622947692871,1.026609499966273e-05,0,3.305770476127662e-06,1.3571865475790384e-05,United States,USA,kentucky,,,Windows-11-10.0.22631-SP0,3.12.6,2.7.1,8,11th Gen Intel(R) Core(TM) i7-1185G7 @ 3.00GHz,None,None,-85.6204,38.1439,15.713661193847656,machine,N,1.0,CHACHA,0.04021979999379255
2024-10-17T11:01:42,codecarbon,32617e39-dc7e-4311-9ec4-277cc6172e6d,5b0fa12a-3dd7-45bb-9766-cc326314d9f1,2.755842799990205,1.2232408908417512e-05,4.438717951713715e-06,14.0,0.0,5.892622947692871,1.0438074888524068e-05,0,3.361153274999235e-06,1.3799228163523295e-05,United States,USA,kentucky,,,Windows-11-10.0.22631-SP0,3.12.6,2.7.1,8,11th Gen Intel(R) Core(TM) i7-1185G7 @ 3.00GHz,None,None,-85.6204,38.1439,15.713661193847656,machine,N,1.0,CHACHA,0.03871590000926517
2024-10-17T11:01:42,codecarbon,32617e39-dc7e-4311-9ec4-277cc6172e6d,5b0fa12a-3dd7-45bb-9766-cc326314d9f1,2.8049317999975756,1.241311370070401e-05,4.425460077394658e-06,14.0,0.0,5.892622947692871,1.059194072186882e-05,0,3.4111382675770474e-06,1.400307898944586e-05,United States,USA,kentucky,,,Windows-11-10.0.22631-SP0,3.12.6,2.7.1,8,11th Gen Intel(R) Core(TM) i7-1185G7 @ 3.00GHz,None,None,-85.6204,38.1439,15.713661193847656,machine,N,1.0,CHACHA,0.04653429999598302
2024-10-17T11:01:42,codecarbon,32617e39-dc7e-4311-9ec4-277cc6172e6d,5b0fa12a-3dd7-45bb-9766-cc326314d9f1,2.8503333999979077,1.2633084283870096e-05,4.432142669302956e-06,14.0,0.0,5.892622947692871,1.0776941777399364e-05,0,3.474283287696685e-06,1.425122506509604e-05,United States,USA,kentucky,,,Windows-11-10.0.22631-SP0,3.12.6,2.7.1,8,11th Gen Intel(R) Core(TM) i7-1185G7 @ 3.00GHz,None,None,-85.6204,38.1439,15.713661193847656,machine,N,1.0,CHACHA,0.043150400000740774
2024-10-17T11:01:42,codecarbon,32617e39-dc7e-4311-9ec4-277cc6172e6d,5b0fa12a-3dd7-45bb-9766-cc326314d9f1,2.8964495999971405,1.2846623473343608e-05,4.43530019419509e-06,14.0,0.0,5.892622947692871,1.0957019499627573e-05,0,3.5350964659820373e-06,1.4492115965609604e-05,United States,USA,kentucky,,,Windows-11-10.0.22631-SP0,3.12.6,2.7.1,8,11th Gen Intel(R) Core(TM) i7-1185G7 @ 3.00GHz,None,None,-85.6204,38.1439,15.713661193847656,machine,N,1.0,CHACHA,0.043365000004996546
2024-10-17T11:01:42,codecarbon,32617e39-dc7e-4311-9ec4-277cc6172e6d,5b0fa12a-3dd7-45bb-9766-cc326314d9f1,2.943763899995247,1.3059565964888492e-05,4.4363496559318426e-06,14.0,0.0,5.892622947692871,1.113756038848401e-05,0,3.594773350136358e-06,1.473233373862036e-05,United States,USA,kentucky,,,Windows-11-10.0.22631-SP0,3.12.6,2.7.1,8,11th Gen Intel(R) Core(TM) i7-1185G7 @ 3.00GHz,None,None,-85.6204,38.1439,15.713661193847656,machine,N,1.0,CHACHA,0.044231300009414554
2024-10-17T11:01:42,codecarbon,32617e39-dc7e-4311-9ec4-277cc6172e6d,5b0fa12a-3dd7-45bb-9766-cc326314d9f1,2.9902780999982497,1.3279036088737258e-05,4.440736160541399e-06,14.0,0.0,5.892622947692871,1.132565505514018e-05,0,3.6542601972065475e-06,1.497991525234672e-05,United States,USA,kentucky,,,Windows-11-10.0.22631-SP0,3.12.6,2.7.1,8,11th Gen Intel(R) Core(TM) i7-1185G7 @ 3.00GHz,None,None,-85.6204,38.1439,15.713661193847656,machine,N,1.0,CHACHA,0.044311899997410364
2024-10-17T11:01:42,codecarbon,32617e39-dc7e-4311-9ec4-277cc6172e6d,5b0fa12a-3dd7-45bb-9766-cc326314d9f1,3.0351282999909017,1.3471798850516936e-05,4.438625823678465e-06,14.0,0.0,5.892622947692871,1.1490248388452322e-05,0,3.7071201350484015e-06,1.5197368523500716e-05,United States,USA,kentucky,,,Windows-11-10.0.22631-SP0,3.12.6,2.7.1,8,11th Gen Intel(R) Core(TM) i7-1185G7 @ 3.00GHz,None,None,-85.6204,38.1439,15.713661193847656,machine,N,1.0,CHACHA,0.042651800002204254
2024-10-17T11:01:42,codecarbon,32617e39-dc7e-4311-9ec4-277cc6172e6d,5b0fa12a-3dd7-45bb-9766-cc326314d9f1,3.085548299990478,1.3692855866380746e-05,4.437738299680158e-06,14.0,0.0,5.892622947692871,1.1681888555111876e-05,0,3.764851635236348e-06,1.5446740190348217e-05,United States,USA,kentucky,,,Windows-11-10.0.22631-SP0,3.12.6,2.7.1,8,11th Gen Intel(R) Core(TM) i7-1185G7 @ 3.00GHz,None,None,-85.6204,38.1439,15.713661193847656,machine,N,1.0,CHACHA,0.048443100007716566
2024-10-17T11:01:42,codecarbon,32617e39-dc7e-4311-9ec4-277cc6172e6d,5b0fa12a-3dd7-45bb-9766-cc326314d9f1,3.131641200001468,1.3903430341368603e-05,4.439662609293199e-06,14.0,0.0,5.892622947692871,1.1861038777351492e-05,0,3.82324785601762e-06,1.5684286633369103e-05,United States,USA,kentucky,,,Windows-11-10.0.22631-SP0,3.12.6,2.7.1,8,11th Gen Intel(R) Core(TM) i7-1185G7 @ 3.00GHz,None,None,-85.6204,38.1439,15.713661193847656,machine,N,1.0,CHACHA,0.043365999998059124
2024-10-17T11:01:42,codecarbon,32617e39-dc7e-4311-9ec4-277cc6172e6d,5b0fa12a-3dd7-45bb-9766-cc326314d9f1,3.187746600000537,1.4122472125014449e-05,4.430236746237004e-06,14.0,0.0,5.892622947692871,1.2049276166241418e-05,0,3.882108775605117e-06,1.5931384941846526e-05,United States,USA,kentucky,,,Windows-11-10.0.22631-SP0,3.12.6,2.7.1,8,11th Gen Intel(R) Core(TM) i7-1185G7 @ 3.00GHz,None,None,-85.6204,38.1439,15.713661193847656,machine,N,1.0,CHACHA,0.05304980000073556
2024-10-17T11:01:42,codecarbon,32617e39-dc7e-4311-9ec4-277cc6172e6d,5b0fa12a-3dd7-45bb-9766-cc326314d9f1,3.242716399996425,1.4427332389836042e-05,4.449150221663525e-06,14.0,0.0,5.892622947692871,1.230352161072207e-05,0,3.971772399547645e-06,1.627529401026971e-05,United States,USA,kentucky,,,Windows-11-10.0.22631-SP0,3.12.6,2.7.1,8,11th Gen Intel(R) Core(TM) i7-1185G7 @ 3.00GHz,None,None,-85.6204,38.1439,15.713661193847656,machine,N,1.0,TEA_16,0.05139700000290759
2024-10-17T11:01:42,codecarbon,32617e39-dc7e-4311-9ec4-277cc6172e6d,5b0fa12a-3dd7-45bb-9766-cc326314d9f1,3.2978710000024876,1.4674728212449968e-05,4.44975810528638e-06,14.0,0.0,5.892622947692871,1.2510089666304537e-05,0,4.044288490719208e-06,1.655437815702374e-05,United States,USA,kentucky,,,Windows-11-10.0.22631-SP0,3.12.6,2.7.1,8,11th Gen Intel(R) Core(TM) i7-1185G7 @ 3.00GHz,None,None,-85.6204,38.1439,15.713661193847656,machine,N,1.0,TEA_16,0.05190990000846796
2024-10-17T11:01:42,codecarbon,32617e39-dc7e-4311-9ec4-277cc6172e6d,5b0fa12a-3dd7-45bb-9766-cc326314d9f1,3.346152999991318,1.4908933023988872e-05,4.455544329272318e-06,14.0,0.0,5.892622947692871,1.2707862221860621e-05,0,4.110719466586635e-06,1.6818581688447248e-05,United States,USA,kentucky,,,Windows-11-10.0.22631-SP0,3.12.6,2.7.1,8,11th Gen Intel(R) Core(TM) i7-1185G7 @ 3.00GHz,None,None,-85.6204,38.1439,15.713661193847656,machine,N,1.0,TEA_16,0.04621729999780655
2024-10-17T11:01:42,codecarbon,32617e39-dc7e-4311-9ec4-277cc6172e6d,5b0fa12a-3dd7-45bb-9766-cc326314d9f1,3.3994797999912407,1.5152129330579346e-05,4.457190576810719e-06,14.0,0.0,5.892622947692871,1.2910840444051749e-05,0,4.182087969418641e-06,1.709292841347038e-05,United States,USA,kentucky,,,Windows-11-10.0.22631-SP0,3.12.6,2.7.1,8,11th Gen Intel(R) Core(TM) i7-1185G7 @ 3.00GHz,None,None,-85.6204,38.1439,15.713661193847656,machine,N,1.0,TEA_16,0.05025420000310987
2024-10-17T11:01:42,codecarbon,32617e39-dc7e-4311-9ec4-277cc6172e6d,5b0fa12a-3dd7-45bb-9766-cc326314d9f1,3.458589599991683,1.539544195611621e-05,4.451364208159659e-06,14.0,0.0,5.892622947692871,1.3118909999579448e-05,0,4.248496356869018e-06,1.736740635644845e-05,United States,USA,kentucky,,,Windows-11-10.0.22631-SP0,3.12.6,2.7.1,8,11th Gen Intel(R) Core(TM) i7-1185G7 @ 3.00GHz,None,None,-85.6204,38.1439,15.713661193847656,machine,N,1.0,TEA_16,0.05697919998783618
2024-10-17T11:01:42,codecarbon,32617e39-dc7e-4311-9ec4-277cc6172e6d,5b0fa12a-3dd7-45bb-9766-cc326314d9f1,3.505625499994494,1.5643020817054212e-05,4.462262388574815e-06,14.0,0.0,5.892622947692871,1.3326436666272152e-05,0,4.320260320184419e-06,1.7646696986456557e-05,United States,USA,kentucky,,,Windows-11-10.0.22631-SP0,3.12.6,2.7.1,8,11th Gen Intel(R) Core(TM) i7-1185G7 @ 3.00GHz,None,None,-85.6204,38.1439,15.713661193847656,machine,N,1.0,TEA_16,0.044897599989781156
2024-10-17T11:01:42,codecarbon,32617e39-dc7e-4311-9ec4-277cc6172e6d,5b0fa12a-3dd7-45bb-9766-cc326314d9f1,3.5516013000014937,1.5849494357943125e-05,4.4626333361057335e-06,14.0,0.0,5.892622947692871,1.3501101444037176e-05,0,4.378515772750813e-06,1.7879617216787973e-05,United States,USA,kentucky,,,Windows-11-10.0.22631-SP0,3.12.6,2.7.1,8,11th Gen Intel(R) Core(TM) i7-1185G7 @ 3.00GHz,None,None,-85.6204,38.1439,15.713661193847656,machine,N,1.0,TEA_16,0.04380450000462588
2024-10-17T11:01:42,codecarbon,32617e39-dc7e-4311-9ec4-277cc6172e6d,5b0fa12a-3dd7-45bb-9766-cc326314d9f1,3.605955699997139,1.606211367261292e-05,4.454329173435398e-06,14.0,0.0,5.892622947692871,1.3680368332926362e-05,0,4.439102085064008e-06,1.8119470417990356e-05,United States,USA,kentucky,,,Windows-11-10.0.22631-SP0,3.12.6,2.7.1,8,11th Gen Intel(R) Core(TM) i7-1185G7 @ 3.00GHz,None,None,-85.6204,38.1439,15.713661193847656,machine,N,1.0,TEA_16,0.0521840000001248
2024-10-17T11:01:42,codecarbon,32617e39-dc7e-4311-9ec4-277cc6172e6d,5b0fa12a-3dd7-45bb-9766-cc326314d9f1,3.6650204000034137,1.634283189334127e-05,4.45913804281309e-06,14.0,0.0,5.892622947692871,1.391456811072809e-05,0,4.521577036376605e-06,1.843614514710468e-05,United States,USA,kentucky,,,Windows-11-10.0.22631-SP0,3.12.6,2.7.1,8,11th Gen Intel(R) Core(TM) i7-1185G7 @ 3.00GHz,None,None,-85.6204,38.1439,15.713661193847656,machine,N,1.0,TEA_16,0.056314999994356185
2024-10-17T11:01:42,codecarbon,32617e39-dc7e-4311-9ec4-277cc6172e6d,5b0fa12a-3dd7-45bb-9766-cc326314d9f1,3.7224604999937583,1.6621077707117246e-05,4.465078328472556e-06,14.0,0.0,5.892622947692871,1.4149342666326747e-05,0,4.600688118397353e-06,1.8750030784724086e-05,United States,USA,kentucky,,,Windows-11-10.0.22631-SP0,3.12.6,2.7.1,8,11th Gen Intel(R) Core(TM) i7-1185G7 @ 3.00GHz,None,None,-85.6204,38.1439,15.713661193847656,machine,N,1.0,TEA_16,0.05534930000430904
2024-10-17T11:01:43,codecarbon,32617e39-dc7e-4311-9ec4-277cc6172e6d,5b0fa12a-3dd7-45bb-9766-cc326314d9f1,3.786797699998715,1.688500965524272e-05,4.458915155475152e-06,14.0,0.0,5.892622947692871,1.436964588852586e-05,0,4.678123240223053e-06,1.90477691287489e-05,United States,USA,kentucky,,,Windows-11-10.0.22631-SP0,3.12.6,2.7.1,8,11th Gen Intel(R) Core(TM) i7-1185G7 @ 3.00GHz,None,None,-85.6204,38.1439,15.713661193847656,machine,N,1.0,TEA_16,0.061358999999356456
2024-10-17T11:01:43,codecarbon,32617e39-dc7e-4311-9ec4-277cc6172e6d,5b0fa12a-3dd7-45bb-9766-cc326314d9f1,3.8433481999963988,1.7152614838232242e-05,4.4629354265242774e-06,14.0,0.0,5.892622947692871,1.4593227444064619e-05,0,4.756423759217685e-06,1.934965120328229e-05,United States,USA,kentucky,,,Windows-11-10.0.22631-SP0,3.12.6,2.7.1,8,11th Gen Intel(R) Core(TM) i7-1185G7 @ 3.00GHz,None,None,-85.6204,38.1439,15.713661193847656,machine,N,1.0,TEA_16,0.05433410000114236
2024-10-17T11:01:43,codecarbon,32617e39-dc7e-4311-9ec4-277cc6172e6d,5b0fa12a-3dd7-45bb-9766-cc326314d9f1,3.8973811000032583,1.7420914017830097e-05,4.469902627129673e-06,14.0,0.0,5.892622947692871,1.4820314444029156e-05,0,4.832001722718295e-06,1.9652316166747437e-05,United States,USA,kentucky,,,Windows-11-10.0.22631-SP0,3.12.6,2.7.1,8,11th Gen Intel(R) Core(TM) i7-1185G7 @ 3.00GHz,None,None,-85.6204,38.1439,15.713661193847656,machine,N,1.0,TEA_16,0.05174609999812674
2024-10-17T11:01:43,codecarbon,32617e39-dc7e-4311-9ec4-277cc6172e6d,5b0fa12a-3dd7-45bb-9766-cc326314d9f1,3.9444290999963414,1.7636294734550576e-05,4.471190706550394e-06,14.0,0.0,5.892622947692871,1.5003897221791295e-05,0,4.891387249425107e-06,1.9895284471216387e-05,United States,USA,kentucky,,,Windows-11-10.0.22631-SP0,3.12.6,2.7.1,8,11th Gen Intel(R) Core(TM) i7-1185G7 @ 3.00GHz,None,None,-85.6204,38.1439,15.713661193847656,machine,N,1.0,TEA_16,0.045020699995802715
2024-10-17T11:01:43,codecarbon,32617e39-dc7e-4311-9ec4-277cc6172e6d,5b0fa12a-3dd7-45bb-9766-cc326314d9f1,4.005701699992642,1.7890649132826874e-05,4.46629591336263e-06,14.0,0.0,5.892622947692871,1.521670811070685e-05,0,4.9655103898155034e-06,2.018221850052234e-05,United States,USA,kentucky,,,Windows-11-10.0.22631-SP0,3.12.6,2.7.1,8,11th Gen Intel(R) Core(TM) i7-1185G7 @ 3.00GHz,None,None,-85.6204,38.1439,15.713661193847656,machine,N,1.0,TEA_16,0.05868010000267532
2024-10-17T11:01:43,codecarbon,32617e39-dc7e-4311-9ec4-277cc6172e6d,5b0fa12a-3dd7-45bb-9766-cc326314d9f1,4.066707999998471,1.8170753698623773e-05,4.46817270839967e-06,14.0,0.0,5.892622947692871,1.5449378388519913e-05,0,5.048822584630238e-06,2.0498200973150135e-05,United States,USA,kentucky,,,Windows-11-10.0.22631-SP0,3.12.6,2.7.1,8,11th Gen Intel(R) Core(TM) i7-1185G7 @ 3.00GHz,None,None,-85.6204,38.1439,15.713661193847656,machine,N,1.0,TEA_16,0.0587734000000637
2024-10-17T11:01:43,codecarbon,32617e39-dc7e-4311-9ec4-277cc6172e6d,5b0fa12a-3dd7-45bb-9766-cc326314d9f1,4.133709599991562,1.8459129515553268e-05,4.465511925557361e-06,14.0,0.0,5.892622947692871,1.5689731555208302e-05,0,5.133782585973225e-06,2.0823514141181513e-05,United States,USA,kentucky,,,Windows-11-10.0.22631-SP0,3.12.6,2.7.1,8,11th Gen Intel(R) Core(TM) i7-1185G7 @ 3.00GHz,None,None,-85.6204,38.1439,15.713661193847656,machine,N,1.0,TEA_16,0.06495709999580868
2024-10-17T11:01:43,codecarbon,32617e39-dc7e-4311-9ec4-277cc6172e6d,5b0fa12a-3dd7-45bb-9766-cc326314d9f1,4.186267800003407,1.874683145058284e-05,4.478173004261119e-06,14.0,0.0,5.892622947692871,1.5928292332998046e-05,0,5.219774778435175e-06,2.1148067111433206e-05,United States,USA,kentucky,,,Windows-11-10.0.22631-SP0,3.12.6,2.7.1,8,11th Gen Intel(R) Core(TM) i7-1185G7 @ 3.00GHz,None,None,-85.6204,38.1439,15.713661193847656,machine,N,1.0,TEA_16,0.04995549999875948
2024-10-17T11:01:43,codecarbon,32617e39-dc7e-4311-9ec4-277cc6172e6d,5b0fa12a-3dd7-45bb-9766-cc326314d9f1,4.234944700001506,1.8966881989888304e-05,4.478661076703447e-06,14.0,0.0,5.892622947692871,1.6115083444076133e-05,0,5.281219940532436e-06,2.1396303384608553e-05,United States,USA,kentucky,,,Windows-11-10.0.22631-SP0,3.12.6,2.7.1,8,11th Gen Intel(R) Core(TM) i7-1185G7 @ 3.00GHz,None,None,-85.6204,38.1439,15.713661193847656,machine,N,1.0,TEA_16,0.04656210000393912
2024-10-17T11:01:43,codecarbon,32617e39-dc7e-4311-9ec4-277cc6172e6d,5b0fa12a-3dd7-45bb-9766-cc326314d9f1,4.293299500001012,1.9222916168524404e-05,4.477422590368986e-06,14.0,0.0,5.892622947692871,1.6329636555181215e-05,0,5.355495798039466e-06,2.1685132353220665e-05,United States,USA,kentucky,,,Windows-11-10.0.22631-SP0,3.12.6,2.7.1,8,11th Gen Intel(R) Core(TM) i7-1185G7 @ 3.00GHz,None,None,-85.6204,38.1439,15.713661193847656,machine,N,1.0,TEA_16,0.056006800004979596
2024-10-17T11:01:43,codecarbon,32617e39-dc7e-4311-9ec4-277cc6172e6d,5b0fa12a-3dd7-45bb-9766-cc326314d9f1,4.357233899994753,1.9496120936854018e-05,4.4744260657839585e-06,14.0,0.0,5.892622947692871,1.6558787388518484e-05,0,5.434543861727998e-06,2.1993331250246465e-05,United States,USA,kentucky,,,Windows-11-10.0.22631-SP0,3.12.6,2.7.1,8,11th Gen Intel(R) Core(TM) i7-1185G7 @ 3.00GHz,None,None,-85.6204,38.1439,15.713661193847656,machine,N,1.0,TEA_32,0.060942700001760386
2024-10-17T11:01:43,codecarbon,32617e39-dc7e-4311-9ec4-277cc6172e6d,5b0fa12a-3dd7-45bb-9766-cc326314d9f1,4.418648299993947,1.9823350396629117e-05,4.486292877542725e-06,14.0,0.0,5.892622947692871,1.6828920888543097e-05,0,5.533553840397578e-06,2.2362474728940658e-05,United States,USA,kentucky,,,Windows-11-10.0.22631-SP0,3.12.6,2.7.1,8,11th Gen Intel(R) Core(TM) i7-1185G7 @ 3.00GHz,None,None,-85.6204,38.1439,15.713661193847656,machine,N,1.0,TEA_32,0.05947330000344664
2024-10-17T11:01:43,codecarbon,32617e39-dc7e-4311-9ec4-277cc6172e6d,5b0fa12a-3dd7-45bb-9766-cc326314d9f1,4.482568099992932,2.008935259201116e-05,4.481661436898826e-06,14.0,0.0,5.892622947692871,1.705606427742976e-05,0,5.606484215685774e-06,2.2662548493115517e-05,United States,USA,kentucky,,,Windows-11-10.0.22631-SP0,3.12.6,2.7.1,8,11th Gen Intel(R) Core(TM) i7-1185G7 @ 3.00GHz,None,None,-85.6204,38.1439,15.713661193847656,machine,N,1.0,TEA_32,0.061951200012117624
2024-10-17T11:01:43,codecarbon,32617e39-dc7e-4311-9ec4-277cc6172e6d,5b0fa12a-3dd7-45bb-9766-cc326314d9f1,4.538037399994209,2.03608085205953e-05,4.48669914457322e-06,14.0,0.0,5.892622947692871,1.7282241666317625e-05,0,5.686532879484552e-06,2.296877454580216e-05,United States,USA,kentucky,,,Windows-11-10.0.22631-SP0,3.12.6,2.7.1,8,11th Gen Intel(R) Core(TM) i7-1185G7 @ 3.00GHz,None,None,-85.6204,38.1439,15.713661193847656,machine,N,1.0,TEA_32,0.05263720000220928
2024-10-17T11:01:43,codecarbon,32617e39-dc7e-4311-9ec4-277cc6172e6d,5b0fa12a-3dd7-45bb-9766-cc326314d9f1,4.598980299997493,2.06405443192161e-05,4.488069739987221e-06,14.0,0.0,5.892622947692871,1.7514230610759105e-05,0,5.770110406011642e-06,2.328434101677073e-05,United States,USA,kentucky,,,Windows-11-10.0.22631-SP0,3.12.6,2.7.1,8,11th Gen Intel(R) Core(TM) i7-1185G7 @ 3.00GHz,None,None,-85.6204,38.1439,15.713661193847656,machine,N,1.0,TEA_32,0.05889990000287071
2024-10-17T11:01:43,codecarbon,32617e39-dc7e-4311-9ec4-277cc6172e6d,5b0fa12a-3dd7-45bb-9766-cc326314d9f1,4.656635399995139,2.088863065621077e-05,4.485777575850705e-06,14.0,0.0,5.892622947692871,1.7720938277440525e-05,0,5.843265846758427e-06,2.3564204124198935e-05,United States,USA,kentucky,,,Windows-11-10.0.22631-SP0,3.12.6,2.7.1,8,11th Gen Intel(R) Core(TM) i7-1185G7 @ 3.00GHz,None,None,-85.6204,38.1439,15.713661193847656,machine,N,1.0,TEA_32,0.05536709999432787
2024-10-17T11:01:43,codecarbon,32617e39-dc7e-4311-9ec4-277cc6172e6d,5b0fa12a-3dd7-45bb-9766-cc326314d9f1,4.725193399994168,2.122023062563529e-05,4.4908702838832965e-06,14.0,0.0,5.892622947692871,1.7996129277437115e-05,0,5.942148642967056e-06,2.3938277920404155e-05,United States,USA,kentucky,,,Windows-11-10.0.22631-SP0,3.12.6,2.7.1,8,11th Gen Intel(R) Core(TM) i7-1185G7 @ 3.00GHz,None,None,-85.6204,38.1439,15.713661193847656,machine,N,1.0,TEA_32,0.06625329999951646
2024-10-17T11:01:44,codecarbon,32617e39-dc7e-4311-9ec4-277cc6172e6d,5b0fa12a-3dd7-45bb-9766-cc326314d9f1,4.807196299996576,2.1556999802247494e-05,4.4843186042273425e-06,14.0,0.0,5.892622947692871,1.8274900777420642e-05,0,6.043282257446784e-06,2.431818303486741e-05,United States,USA,kentucky,,,Windows-11-10.0.22631-SP0,3.12.6,2.7.1,8,11th Gen Intel(R) Core(TM) i7-1185G7 @ 3.00GHz,None,None,-85.6204,38.1439,15.713661193847656,machine,N,1.0,TEA_32,0.07906579998962115
2024-10-17T11:01:44,codecarbon,32617e39-dc7e-4311-9ec4-277cc6172e6d,5b0fa12a-3dd7-45bb-9766-cc326314d9f1,4.880694399995264,2.188143060743565e-05,4.483261768541969e-06,14.0,0.0,5.892622947692871,1.8546485999629814e-05,0,6.137683386542973e-06,2.468416938617277e-05,United States,USA,kentucky,,,Windows-11-10.0.22631-SP0,3.12.6,2.7.1,8,11th Gen Intel(R) Core(TM) i7-1185G7 @ 3.00GHz,None,None,-85.6204,38.1439,15.713661193847656,machine,N,1.0,TEA_32,0.07086330000311136
2024-10-17T11:01:44,codecarbon,32617e39-dc7e-4311-9ec4-277cc6172e6d,5b0fa12a-3dd7-45bb-9766-cc326314d9f1,4.940259700000752,2.2222304356224466e-05,4.498205702874504e-06,14.0,0.0,5.892622947692871,1.8829319832980716e-05,0,6.2393849844149094e-06,2.506870481739561e-05,United States,USA,kentucky,,,Windows-11-10.0.22631-SP0,3.12.6,2.7.1,8,11th Gen Intel(R) Core(TM) i7-1185G7 @ 3.00GHz,None,None,-85.6204,38.1439,15.713661193847656,machine,N,1.0,TEA_32,0.05679059999238234
2024-10-17T11:01:44,codecarbon,32617e39-dc7e-4311-9ec4-277cc6172e6d,5b0fa12a-3dd7-45bb-9766-cc326314d9f1,5.020215199998347,2.251116927432256e-05,4.48410444124586e-06,14.0,0.0,5.892622947692871,1.907227194403983e-05,0,6.322297790324855e-06,2.539456973436467e-05,United States,USA,kentucky,,,Windows-11-10.0.22631-SP0,3.12.6,2.7.1,8,11th Gen Intel(R) Core(TM) i7-1185G7 @ 3.00GHz,None,None,-85.6204,38.1439,15.713661193847656,machine,N,1.0,TEA_32,0.07753419999789912
2024-10-17T11:01:44,codecarbon,32617e39-dc7e-4311-9ec4-277cc6172e6d,5b0fa12a-3dd7-45bb-9766-cc326314d9f1,5.078189799998654,2.2834816933825578e-05,4.496645031627536e-06,14.0,0.0,5.892622947692871,1.933914072182637e-05,0,6.420531906948524e-06,2.5759672628774878e-05,United States,USA,kentucky,,,Windows-11-10.0.22631-SP0,3.12.6,2.7.1,8,11th Gen Intel(R) Core(TM) i7-1185G7 @ 3.00GHz,None,None,-85.6204,38.1439,15.713661193847656,machine,N,1.0,TEA_32,0.055760000002919696
2024-10-17T11:01:44,codecarbon,32617e39-dc7e-4311-9ec4-277cc6172e6d,5b0fa12a-3dd7-45bb-9766-cc326314d9f1,5.148870599994552,2.3145759294553213e-05,4.495308018534725e-06,14.0,0.0,5.892622947692871,1.9597995666263154e-05,0,6.512447167588237e-06,2.6110442833851378e-05,United States,USA,kentucky,,,Windows-11-10.0.22631-SP0,3.12.6,2.7.1,8,11th Gen Intel(R) Core(TM) i7-1185G7 @ 3.00GHz,None,None,-85.6204,38.1439,15.713661193847656,machine,N,1.0,TEA_32,0.06774070000392385
2024-10-17T11:01:44,codecarbon,32617e39-dc7e-4311-9ec4-277cc6172e6d,5b0fa12a-3dd7-45bb-9766-cc326314d9f1,5.234529299996211,2.3512337546579685e-05,4.491776853096744e-06,14.0,0.0,5.892622947692871,1.9899279944034378e-05,0,6.624695251052739e-06,2.6523975195087104e-05,United States,USA,kentucky,,,Windows-11-10.0.22631-SP0,3.12.6,2.7.1,8,11th Gen Intel(R) Core(TM) i7-1185G7 @ 3.00GHz,None,None,-85.6204,38.1439,15.713661193847656,machine,N,1.0,TEA_32,0.08346750000782777
2024-10-17T11:01:44,codecarbon,32617e39-dc7e-4311-9ec4-277cc6172e6d,5b0fa12a-3dd7-45bb-9766-cc326314d9f1,5.302624199990532,2.3869800586526704e-05,4.501507119167397e-06,14.0,0.0,5.892622947692871,2.019506611070634e-05,0,6.732158688378333e-06,2.692722479908466e-05,United States,USA,kentucky,,,Windows-11-10.0.22631-SP0,3.12.6,2.7.1,8,11th Gen Intel(R) Core(TM) i7-1185G7 @ 3.00GHz,None,None,-85.6204,38.1439,15.713661193847656,machine,N,1.0,TEA_32,0.06562739999208134
2024-10-17T11:01:44,codecarbon,32617e39-dc7e-4311-9ec4-277cc6172e6d,5b0fa12a-3dd7-45bb-9766-cc326314d9f1,5.38000189999002,2.4254048201915473e-05,4.508185806023686e-06,14.0,0.0,5.892622947692871,2.0513449444018374e-05,0,6.847240305080408e-06,2.736068974909877e-05,United States,USA,kentucky,,,Windows-11-10.0.22631-SP0,3.12.6,2.7.1,8,11th Gen Intel(R) Core(TM) i7-1185G7 @ 3.00GHz,None,None,-85.6204,38.1439,15.713661193847656,machine,N,1.0,TEA_32,0.07462929999746848
2024-10-17T11:01:44,codecarbon,32617e39-dc7e-4311-9ec4-277cc6172e6d,5b0fa12a-3dd7-45bb-9766-cc326314d9f1,5.43944790000387,2.451223659157138e-05,4.5063831922269055e-06,14.0,0.0,5.892622947692871,2.072812933290454e-05,0,6.923819523432133e-06,2.7651948856336662e-05,United States,USA,kentucky,,,Windows-11-10.0.22631-SP0,3.12.6,2.7.1,8,11th Gen Intel(R) Core(TM) i7-1185G7 @ 3.00GHz,None,None,-85.6204,38.1439,15.713661193847656,machine,N,1.0,TEA_32,0.05693839999730699
2024-10-17T11:01:44,codecarbon,32617e39-dc7e-4311-9ec4-277cc6172e6d,5b0fa12a-3dd7-45bb-9766-cc326314d9f1,5.521284299989929,2.4859530829533697e-05,4.502490630590973e-06,14.0,0.0,5.892622947692871,2.1020723499605074e-05,0,7.023003661838878e-06,2.8043727161443942e-05,United States,USA,kentucky,,,Windows-11-10.0.22631-SP0,3.12.6,2.7.1,8,11th Gen Intel(R) Core(TM) i7-1185G7 @ 3.00GHz,None,None,-85.6204,38.1439,15.713661193847656,machine,N,1.0,TEA_32,0.07948390000092331
2024-10-17T11:01:44,codecarbon,32617e39-dc7e-4311-9ec4-277cc6172e6d,5b0fa12a-3dd7-45bb-9766-cc326314d9f1,5.591795100001036,2.5180509887852785e-05,4.503117413556179e-06,14.0,0.0,5.892622947692871,2.1288272444087642e-05,0,7.117547196002116e-06,2.8405819640089747e-05,United States,USA,kentucky,,,Windows-11-10.0.22631-SP0,3.12.6,2.7.1,8,11th Gen Intel(R) Core(TM) i7-1185G7 @ 3.00GHz,None,None,-85.6204,38.1439,15.713661193847656,machine,N,1.0,TEA_32,0.0676753000007011
2024-10-17T11:01:44,codecarbon,32617e39-dc7e-4311-9ec4-277cc6172e6d,5b0fa12a-3dd7-45bb-9766-cc326314d9f1,5.656514100002823,2.5520269830267745e-05,4.511660252072032e-06,14.0,0.0,5.892622947692871,2.1570500777468414e-05,0,7.21859782274369e-06,2.8789098600212093e-05,United States,USA,kentucky,,,Windows-11-10.0.22631-SP0,3.12.6,2.7.1,8,11th Gen Intel(R) Core(TM) i7-1185G7 @ 3.00GHz,None,None,-85.6204,38.1439,15.713661193847656,machine,N,1.0,TEA_32,0.06204609999258537
2024-10-17T11:01:44,codecarbon,32617e39-dc7e-4311-9ec4-277cc6172e6d,5b0fa12a-3dd7-45bb-9766-cc326314d9f1,5.735096399992472,2.5888876663455645e-05,4.514113601209847e-06,14.0,0.0,5.892622947692871,2.1874959166355734e-05,0,7.3299602122390685e-06,2.920491937859479e-05,United States,USA,kentucky,,,Windows-11-10.0.22631-SP0,3.12.6,2.7.1,8,11th Gen Intel(R) Core(TM) i7-1185G7 @ 3.00GHz,None,None,-85.6204,38.1439,15.713661193847656,machine,N,1.0,TEA_64,0.07537269999738783
2024-10-17T11:01:45,codecarbon,32617e39-dc7e-4311-9ec4-277cc6172e6d,5b0fa12a-3dd7-45bb-9766-cc326314d9f1,5.823598499991931,2.6277004613028678e-05,4.512159382736479e-06,14.0,0.0,5.892622947692871,2.2192763833065524e-05,0,7.449997852216164e-06,2.9642761685281676e-05,United States,USA,kentucky,,,Windows-11-10.0.22631-SP0,3.12.6,2.7.1,8,11th Gen Intel(R) Core(TM) i7-1185G7 @ 3.00GHz,None,None,-85.6204,38.1439,15.713661193847656,machine,N,1.0,TEA_64,0.08615129999816418
2024-10-17T11:01:45,codecarbon,32617e39-dc7e-4311-9ec4-277cc6172e6d,5b0fa12a-3dd7-45bb-9766-cc326314d9f1,5.906441799990716,2.6664043751779954e-05,4.514400489279665e-06,14.0,0.0,5.892622947692871,2.2517901388588744e-05,0,7.5614743294503995e-06,3.0079375718039134e-05,United States,USA,kentucky,,,Windows-11-10.0.22631-SP0,3.12.6,2.7.1,8,11th Gen Intel(R) Core(TM) i7-1185G7 @ 3.00GHz,None,None,-85.6204,38.1439,15.713661193847656,machine,N,1.0,TEA_64,0.08106430000043474
2024-10-17T11:01:45,codecarbon,32617e39-dc7e-4311-9ec4-277cc6172e6d,5b0fa12a-3dd7-45bb-9766-cc326314d9f1,5.981682899990119,2.703417652367378e-05,4.5194934227821466e-06,14.0,0.0,5.892622947692871,2.2822672833038565e-05,0,7.674245055835431e-06,3.0496917888873985e-05,United States,USA,kentucky,,,Windows-11-10.0.22631-SP0,3.12.6,2.7.1,8,11th Gen Intel(R) Core(TM) i7-1185G7 @ 3.00GHz,None,None,-85.6204,38.1439,15.713661193847656,machine,N,1.0,TEA_64,0.07314009999390692
2024-10-17T11:01:45,codecarbon,32617e39-dc7e-4311-9ec4-277cc6172e6d,5b0fa12a-3dd7-45bb-9766-cc326314d9f1,6.083406899997499,2.7461034607313e-05,4.514088085629171e-06,14.0,0.0,5.892622947692871,2.3171533388619228e-05,0,7.806917788888421e-06,3.097845117750764e-05,United States,USA,kentucky,,,Windows-11-10.0.22631-SP0,3.12.6,2.7.1,8,11th Gen Intel(R) Core(TM) i7-1185G7 @ 3.00GHz,None,None,-85.6204,38.1439,15.713661193847656,machine,N,1.0,TEA_64,0.09939019999001175
2024-10-17T11:01:45,codecarbon,32617e39-dc7e-4311-9ec4-277cc6172e6d,5b0fa12a-3dd7-45bb-9766-cc326314d9f1,6.1795902000012575,2.794566907515033e-05,4.5222527984371266e-06,14.0,0.0,5.892622947692871,2.356954872197497e-05,0,7.9556125637104e-06,3.1525161285685356e-05,United States,USA,kentucky,,,Windows-11-10.0.22631-SP0,3.12.6,2.7.1,8,11th Gen Intel(R) Core(TM) i7-1185G7 @ 3.00GHz,None,None,-85.6204,38.1439,15.713661193847656,machine,N,1.0,TEA_64,0.09306650000507943
2024-10-17T11:01:45,codecarbon,32617e39-dc7e-4311-9ec4-277cc6172e6d,5b0fa12a-3dd7-45bb-9766-cc326314d9f1,6.2700033000000985,2.839702402056054e-05,4.529028560568715e-06,14.0,0.0,5.892622947692871,2.3941241721954102e-05,0,8.093087457077616e-06,3.203432917903171e-05,United States,USA,kentucky,,,Windows-11-10.0.22631-SP0,3.12.6,2.7.1,8,11th Gen Intel(R) Core(TM) i7-1185G7 @ 3.00GHz,None,None,-85.6204,38.1439,15.713661193847656,machine,N,1.0,TEA_64,0.08767990001069847
2024-10-17T11:01:45,codecarbon,32617e39-dc7e-4311-9ec4-277cc6172e6d,5b0fa12a-3dd7-45bb-9766-cc326314d9f1,6.3620434000040404,2.8842593596498506e-05,4.533542414451336e-06,14.0,0.0,5.892622947692871,2.4308666666418296e-05,0,8.228304002701384e-06,3.2536970669119675e-05,United States,USA,kentucky,,,Windows-11-10.0.22631-SP0,3.12.6,2.7.1,8,11th Gen Intel(R) Core(TM) i7-1185G7 @ 3.00GHz,None,None,-85.6204,38.1439,15.713661193847656,machine,N,1.0,TEA_64,0.08932990000175778
2024-10-17T11:01:45,codecarbon,32617e39-dc7e-4311-9ec4-277cc6172e6d,5b0fa12a-3dd7-45bb-9766-cc326314d9f1,6.458058999996865,2.9293571208471865e-05,4.535971444126801e-06,14.0,0.0,5.892622947692871,2.468114444420886e-05,0,8.364568453105866e-06,3.304571289731472e-05,United States,USA,kentucky,,,Windows-11-10.0.22631-SP0,3.12.6,2.7.1,8,11th Gen Intel(R) Core(TM) i7-1185G7 @ 3.00GHz,None,None,-85.6204,38.1439,15.713661193847656,machine,N,1.0,TEA_64,0.09379210000042804
2024-10-17T11:01:45,codecarbon,32617e39-dc7e-4311-9ec4-277cc6172e6d,5b0fa12a-3dd7-45bb-9766-cc326314d9f1,6.5400326999952085,2.966083020835037e-05,4.535272462532504e-06,14.0,0.0,5.892622947692871,2.4983339888624157e-05,0,8.476673313101052e-06,3.34600132017252e-05,United States,USA,kentucky,,,Windows-11-10.0.22631-SP0,3.12.6,2.7.1,8,11th Gen Intel(R) Core(TM) i7-1185G7 @ 3.00GHz,None,None,-85.6204,38.1439,15.713661193847656,machine,N,1.0,TEA_64,0.07915750000393018
2024-10-17T11:01:45,codecarbon,32617e39-dc7e-4311-9ec4-277cc6172e6d,5b0fa12a-3dd7-45bb-9766-cc326314d9f1,6.628838599994197,3.0099399150804227e-05,4.54067461392567e-06,14.0,0.0,5.892622947692871,2.5344187944202627e-05,0,8.610569420153657e-06,3.3954757364356275e-05,United States,USA,kentucky,,,Windows-11-10.0.22631-SP0,3.12.6,2.7.1,8,11th Gen Intel(R) Core(TM) i7-1185G7 @ 3.00GHz,None,None,-85.6204,38.1439,15.713661193847656,machine,N,1.0,TEA_64,0.086582100004307
2024-10-17T11:01:45,codecarbon,32617e39-dc7e-4311-9ec4-277cc6172e6d,5b0fa12a-3dd7-45bb-9766-cc326314d9f1,6.699449899999308,3.0405054373350794e-05,4.53844044320026e-06,14.0,0.0,5.892622947692871,2.5597287722007924e-05,0,8.702275492681748e-06,3.429956321468966e-05,United States,USA,kentucky,,,Windows-11-10.0.22631-SP0,3.12.6,2.7.1,8,11th Gen Intel(R) Core(TM) i7-1185G7 @ 3.00GHz,None,None,-85.6204,38.1439,15.713661193847656,machine,N,1.0,TEA_64,0.06808789999922737
2024-10-17T11:01:46,codecarbon,32617e39-dc7e-4311-9ec4-277cc6172e6d,5b0fa12a-3dd7-45bb-9766-cc326314d9f1,6.773470699990867,3.0756852864046484e-05,4.5407818570895944e-06,14.0,0.0,5.892622947692871,2.5886376055334238e-05,0,8.810046655881287e-06,3.469642271121551e-05,United States,USA,kentucky,,,Windows-11-10.0.22631-SP0,3.12.6,2.7.1,8,11th Gen Intel(R) Core(TM) i7-1185G7 @ 3.00GHz,None,None,-85.6204,38.1439,15.713661193847656,machine,N,1.0,TEA_64,0.07108290000178386
2024-10-17T11:01:46,codecarbon,32617e39-dc7e-4311-9ec4-277cc6172e6d,5b0fa12a-3dd7-45bb-9766-cc326314d9f1,6.844304500002181,3.1071454760888636e-05,4.539753419924367e-06,14.0,0.0,5.892622947692871,2.614609705535662e-05,0,8.90522413805522e-06,3.5051321193411834e-05,United States,USA,kentucky,,,Windows-11-10.0.22631-SP0,3.12.6,2.7.1,8,11th Gen Intel(R) Core(TM) i7-1185G7 @ 3.00GHz,None,None,-85.6204,38.1439,15.713661193847656,machine,N,1.0,TEA_64,0.06834920000983402
2024-10-17T11:01:46,codecarbon,32617e39-dc7e-4311-9ec4-277cc6172e6d,5b0fa12a-3dd7-45bb-9766-cc326314d9f1,6.921119899998303,3.14247943127409e-05,4.5404204473828885e-06,14.0,0.0,5.892622947692871,2.6438908999795475e-05,0,9.01101014204263e-06,3.5449919141838106e-05,United States,USA,kentucky,,,Windows-11-10.0.22631-SP0,3.12.6,2.7.1,8,11th Gen Intel(R) Core(TM) i7-1185G7 @ 3.00GHz,None,None,-85.6204,38.1439,15.713661193847656,machine,N,1.0,TEA_64,0.07456600001023617
2024-10-17T11:01:46,codecarbon,32617e39-dc7e-4311-9ec4-277cc6172e6d,5b0fa12a-3dd7-45bb-9766-cc326314d9f1,7.013314499999979,3.1810423129721604e-05,4.535718900060977e-06,14.0,0.0,5.892622947692871,2.6755262333099373e-05,0,9.12967987506906e-06,3.588494220816844e-05,United States,USA,kentucky,,,Windows-11-10.0.22631-SP0,3.12.6,2.7.1,8,11th Gen Intel(R) Core(TM) i7-1185G7 @ 3.00GHz,None,None,-85.6204,38.1439,15.713661193847656,machine,N,1.0,TEA_64,0.09025459999975283
2024-10-17T11:01:46,codecarbon,32617e39-dc7e-4311-9ec4-277cc6172e6d,5b0fa12a-3dd7-45bb-9766-cc326314d9f1,7.09174649999477,3.221109421952039e-05,4.542053811362849e-06,14.0,0.0,5.892622947692871,2.708475544423789e-05,0,9.252178830910613e-06,3.63369342751485e-05,United States,USA,kentucky,,,Windows-11-10.0.22631-SP0,3.12.6,2.7.1,8,11th Gen Intel(R) Core(TM) i7-1185G7 @ 3.00GHz,None,None,-85.6204,38.1439,15.713661193847656,machine,N,1.0,TEA_64,0.07609440000669565
2024-10-17T11:01:46,codecarbon,32617e39-dc7e-4311-9ec4-277cc6172e6d,5b0fa12a-3dd7-45bb-9766-cc326314d9f1,7.168689400001313,3.2586392224204026e-05,4.545655475629626e-06,14.0,0.0,5.892622947692871,2.7397436110922063e-05,0,9.362867169850566e-06,3.6760303280772634e-05,United States,USA,kentucky,,,Windows-11-10.0.22631-SP0,3.12.6,2.7.1,8,11th Gen Intel(R) Core(TM) i7-1185G7 @ 3.00GHz,None,None,-85.6204,38.1439,15.713661193847656,machine,N,1.0,TEA_64,0.07439369999337941
2024-10-17T11:01:46,codecarbon,32617e39-dc7e-4311-9ec4-277cc6172e6d,5b0fa12a-3dd7-45bb-9766-cc326314d9f1,7.25202659999195,3.295076594233685e-05,4.543663138573351e-06,14.0,0.0,5.892622947692871,2.769998855539597e-05,0,9.471360179379287e-06,3.717134873477526e-05,United States,USA,kentucky,,,Windows-11-10.0.22631-SP0,3.12.6,2.7.1,8,11th Gen Intel(R) Core(TM) i7-1185G7 @ 3.00GHz,None,None,-85.6204,38.1439,15.713661193847656,machine,N,1.0,TEA_64,0.08080769999651238
2024-10-17T11:01:46,codecarbon,32617e39-dc7e-4311-9ec4-277cc6172e6d,5b0fa12a-3dd7-45bb-9766-cc326314d9f1,7.324111699999776,3.33214873475984e-05,4.54956023507935e-06,14.0,0.0,5.892622947692871,2.8006828110915692e-05,0,9.582726824666493e-06,3.758955493558219e-05,United States,USA,kentucky,,,Windows-11-10.0.22631-SP0,3.12.6,2.7.1,8,11th Gen Intel(R) Core(TM) i7-1185G7 @ 3.00GHz,None,None,-85.6204,38.1439,15.713661193847656,machine,N,1.0,TEA_64,0.0697776999877533
